사고번호,사고일시,요일,시군구,사고내용,사망자수,중상자수,경상자수,부상신고자수,사고유형,법규위반,노면상태,기상상태,도로형태,가해운전자 차종,가해운전자 성별,가해운전자 연령,가해운전자 상해정도,피해운전자 차종,피해운전자 성별,피해운전자 연령,피해운전자 상해정도,lat(위도),lon(경도)
2022052400100345,2022년 5월 24일 15시,화요일,경기도 용인시 기흥구 신갈동,경상사고,0,0,2,2,차대차 - 추돌,안전운전불이행,건조,맑음,단일로 - 기타,승용,남,60세,상해없음,승용,남,40세,경상,37.2899246673904,127.10376723682658
2022052600100614,2022년 5월 26일 21시,목요일,경기도 용인시 기흥구 언남동,경상사고,0,0,1,0,차대차 - 측면충돌,안전거리미확보,건조,맑음,단일로 - 기타,승용,남,19세,상해없음,승용,여,47세,경상,37.29114712048295,127.1136326362891
2022052700100028,2022년 5월 27일 02시,금요일,경기도 용인시 처인구 양지면,경상사고,0,0,1,0,차대차 - 기타,안전운전불이행,건조,맑음,기타 - 기타,승용,남,28세,상해없음,화물,남,34세,경상,37.23926863093037,127.2869251914813
2022052800100234,2022년 5월 28일 12시,토요일,경기도 용인시 기흥구 상갈동,경상사고,0,0,3,0,차대차 - 기타,기타,건조,맑음,단일로 - 기타,승용,남,40세,상해없음,승용,여,40세,경상,37.26549725782496,127.10388397947143
2022053000100377,2022년 5월 30일 17시,월요일,경기도 용인시 처인구 유방동,중상사고,0,2,1,0,차대차 - 추돌,안전운전불이행,건조,맑음,단일로 - 기타,화물,남,50세,상해없음,승용,여,39세,경상,37.267320156363255,127.18910624941144
2022053100100036,2022년 5월 31일 05시,화요일,경기도 용인시 처인구 양지면,경상사고,0,0,1,0,차대차 - 기타,안전거리미확보,건조,맑음,단일로 - 기타,특수,남,49세,상해없음,승용,남,32세,경상,37.23966469891917,127.28661966672551
2022053100100679,2022년 5월 31일 22시,화요일,경기도 용인시 수지구 동천동,경상사고,0,0,3,0,차대차 - 기타,안전운전불이행,건조,맑음,단일로 - 기타,승용,남,27세,상해없음,승용,남,42세,경상,37.34701213759146,127.0610719437383
2022060200100208,2022년 6월 2일 12시,목요일,경기도 용인시 기흥구 신갈동,경상사고,0,0,1,1,차대차 - 기타,안전거리미확보,건조,맑음,단일로 - 기타,승용,여,56세,상해없음,승용,남,44세,부상신고,37.27146409441273,127.10376248843338
2022060300100127,2022년 6월 3일 09시,금요일,경기도 용인시 처인구 양지면,경상사고,0,0,1,0,차대차 - 추돌,안전운전불이행,건조,맑음,단일로 - 기타,화물,남,56세,상해없음,승용,남,55세,경상,37.241190667528144,127.28308639408058
2022060300100346,2022년 6월 3일 15시,금요일,경기도 용인시 수지구 고기동,중상사고,0,1,0,0,차대차 - 추돌,안전운전불이행,건조,맑음,단일로 - 터널,승용,여,58세,상해없음,승용,여,38세,중상,37.355078138953566,127.0631365123329
2022060600100114,2022년 6월 6일 10시,월요일,경기도 용인시 처인구 양지면,경상사고,0,0,6,0,차대차 - 기타,차로위반,건조,맑음,기타 - 기타,승용,여,48세,상해없음,승용,여,61세,경상,37.242292368140696,127.27928361878092
2022060600100132,2022년 6월 6일 11시,월요일,경기도 용인시 처인구 유방동,경상사고,0,0,4,2,차대차 - 기타,안전운전불이행,건조,흐림,단일로 - 기타,승용,남,67세,상해없음,승용,남,42세,경상,37.25857144399078,127.20470479592971
2022060600100322,2022년 6월 6일 17시,월요일,경기도 용인시 처인구 양지면,경상사고,0,0,1,0,차대차 - 기타,안전운전불이행,건조,맑음,단일로 - 기타,기타불명,기타불명,미분류,기타불명,승용,남,41세,경상,37.24246579283431,127.28044442330231
2022061100100307,2022년 6월 11일 14시,토요일,경기도 용인시 기흥구 고매동,경상사고,0,0,2,0,차대차 - 기타,안전거리미확보,건조,맑음,단일로 - 기타,승용,남,27세,상해없음,승합,여,35세,경상,37.2244079082634,127.10282523101976
2022061100100530,2022년 6월 11일 21시,토요일,경기도 용인시 기흥구 영덕동,경상사고,0,0,2,0,차대차 - 기타,안전거리미확보,건조,맑음,단일로 - 기타,승용,여,32세,상해없음,승용,여,46세,경상,37.26852578453464,127.10114995091094
2022061400100211,2022년 6월 14일 11시,화요일,경기도 용인시 처인구 양지면,경상사고,0,0,1,1,차대차 - 기타,안전거리미확보,건조,맑음,기타 - 기타,승용,남,26세,상해없음,화물,남,51세,경상,37.23638219895684,127.29606521739974
2022061500100187,2022년 6월 15일 11시,수요일,경기도 용인시 처인구 남사읍,경상사고,0,0,1,0,차대차 - 측면충돌,차로위반,젖음/습기,비,단일로 - 기타,승용,남,63세,상해없음,승용,남,81세,경상,37.10970601210972,127.11457882349931
2022062300100392,2022년 6월 23일 17시,목요일,경기도 용인시 기흥구 고매동,경상사고,0,0,1,0,차대차 - 기타,안전거리미확보,젖음/습기,비,단일로 - 기타,승합,남,55세,상해없음,승용,여,55세,경상,37.219492288206304,127.09926670504844
2022062300100393,2022년 6월 23일 17시,목요일,경기도 용인시 수지구 상현동,경상사고,0,0,1,0,차대차 - 기타,안전운전불이행,건조,맑음,기타 - 기타,화물,남,54세,상해없음,승용,남,22세,상해없음,37.29247627781125,127.08297192919126
2022062600100010,2022년 6월 26일 00시,일요일,경기도 용인시 기흥구 신갈동,경상사고,0,0,4,0,차대차 - 추돌,안전운전불이행,건조,맑음,단일로 - 기타,승용,남,31세,상해없음,승용,여,50세,경상,37.28767948234479,127.10355337903336
2022062600100403,2022년 6월 26일 23시,일요일,경기도 용인시 수지구 죽전동,경상사고,0,0,2,0,차대차 - 측면충돌,안전거리미확보,건조,맑음,기타 - 기타,특수,남,70세,상해없음,승용,남,42세,경상,37.13566342020498,127.0867952471056
2022062900100327,2022년 6월 29일 15시,수요일,경기도 용인시 기흥구 영덕동,경상사고,0,0,1,0,차대차 - 측면충돌,안전거리미확보,건조,맑음,기타 - 기타,승용,남,60세,상해없음,승용,남,35세,경상,37.26929853730925,127.10042403135758
2022062900100546,2022년 6월 29일 21시,수요일,경기도 용인시 기흥구 지곡동,경상사고,0,0,1,2,차대차 - 기타,기타,젖음/습기,비,단일로 - 기타,승용,여,29세,상해없음,승용,남,31세,부상신고,37.233754754236976,127.15126360189296
2022063000100093,2022년 6월 30일 07시,목요일,경기도 용인시 기흥구 신갈동,경상사고,0,0,1,0,차대차 - 측면충돌,안전거리미확보,젖음/습기,비,기타 - 기타,화물,남,36세,상해없음,승용,남,55세,경상,37.2896267218706,127.10362213533392
2022063000100162,2022년 6월 30일 09시,목요일,경기도 용인시 기흥구 상갈동,경상사고,0,0,1,0,차대차 - 측면충돌,안전운전불이행,젖음/습기,비,기타 - 기타,승용,남,53세,상해없음,특수,남,50세,경상,37.26670106422078,127.10267088313778
2022063000100254,2022년 6월 30일 13시,목요일,경기도 용인시 수지구 죽전동,중상사고,0,1,0,0,차대차 - 기타,안전거리미확보,젖음/습기,비,단일로 - 기타,승용,남,70세,상해없음,승용,여,28세,중상,37.336075072730445,127.10354752269852
2022070500100060,2022년 7월 5일 07시,화요일,경기도 용인시 처인구 남사읍,경상사고,0,0,1,0,차대차 - 측면충돌,안전거리미확보,건조,맑음,기타 - 기타,승용,남,24세,기타불명,화물,남,32세,경상,37.104655544581824,127.11658518004536
2022070500100138,2022년 7월 5일 09시,화요일,경기도 용인시 기흥구 공세동,경상사고,0,0,13,0,차대차 - 기타,안전거리미확보,건조,맑음,단일로 - 기타,승용,남,28세,상해없음,승합,남,68세,경상,37.23633594197298,127.10626884267522
2022070600100061,2022년 7월 6일 07시,수요일,경기도 용인시 기흥구 상갈동,중상사고,0,2,1,0,차대차 - 측면충돌,안전거리미확보,건조,맑음,단일로 - 기타,건설기계,남,56세,경상,승용,여,44세,중상,37.26440292169568,127.10279573792133
2022070700100073,2022년 7월 7일 07시,목요일,경기도 용인시 기흥구 신갈동,경상사고,0,0,1,0,차대차 - 측면충돌,안전거리미확보,건조,맑음,단일로 - 기타,승용,여,40세,상해없음,승용,남,47세,경상,37.267439893407385,127.1025767729418
2022070700100620,2022년 7월 7일 23시,목요일,경기도 용인시 기흥구 상갈동,경상사고,0,0,1,0,차대차 - 측면충돌,안전운전불이행,건조,맑음,단일로 - 고가도로위,승용,남,30세,상해없음,승합,남,44세,경상,37.26405198836034,127.10297802939164
2022070800100018,2022년 7월 8일 01시,금요일,경기도 용인시 수지구 죽전동,경상사고,0,0,2,0,차대차 - 추돌,안전운전불이행,건조,맑음,단일로 - 기타,승용,남,25세,상해없음,승용,남,48세,경상,37.33248629423601,127.10317129412756
2022070800100463,2022년 7월 8일 18시,금요일,경기도 용인시 기흥구 고매동,경상사고,0,0,1,0,차대차 - 기타,안전운전불이행,건조,맑음,단일로 - 기타,승용,남,56세,상해없음,승용,남,41세,경상,37.22415442324879,127.10249966998984
2022070800100506,2022년 7월 8일 19시,금요일,경기도 용인시 기흥구 고매동,경상사고,0,0,1,0,차대차 - 기타,안전운전불이행,건조,맑음,주차장 - 주차장,특수,남,54세,상해없음,화물,남,62세,경상,37.23535944352662,127.10537202123324
2022071000100020,2022년 7월 10일 01시,일요일,경기도 용인시 기흥구 공세동,경상사고,0,0,1,0,차대차 - 추돌,안전운전불이행,건조,맑음,단일로 - 기타,승용,남,48세,상해없음,승용,남,23세,경상,37.235196780808295,127.10524885813624
2022071100100035,2022년 7월 11일 06시,월요일,경기도 용인시 기흥구 신갈동,경상사고,0,0,1,0,차대차 - 측면충돌,안전거리미확보,건조,맑음,단일로 - 기타,건설기계,남,34세,상해없음,승용,남,41세,경상,37.26737702391733,127.10264477446724
2022071300100173,2022년 7월 13일 11시,수요일,경기도 용인시 수지구 죽전동,경상사고,0,0,1,0,차대차 - 측면충돌,안전거리미확보,젖음/습기,비,단일로 - 기타,승용,남,38세,상해없음,화물,남,35세,경상,37.33085640229326,127.10365396320744
2022071300100288,2022년 7월 13일 15시,수요일,경기도 용인시 기흥구 신갈동,경상사고,0,0,1,0,차대차 - 추돌,안전운전불이행,젖음/습기,비,단일로 - 기타,승합,남,42세,상해없음,승용,여,52세,경상,37.28593235794591,127.104025077657
2022071300100289,2022년 7월 13일 15시,수요일,경기도 용인시 수지구 죽전동,경상사고,0,0,6,0,차대차 - 추돌,안전운전불이행,젖음/습기,비,단일로 - 기타,승용,남,66세,상해없음,승용,남,59세,경상,37.32633954902099,127.10338421864482
2022071300100326,2022년 7월 13일 16시,수요일,경기도 용인시 기흥구 신갈동,경상사고,0,0,1,1,차대차 - 측면충돌,안전거리미확보,건조,맑음,단일로 - 기타,화물,남,46세,부상신고,승용,여,36세,경상,37.26742156288012,127.1024866410715
2022071300100416,2022년 7월 13일 18시,수요일,경기도 용인시 기흥구 신갈동,경상사고,0,0,3,0,차대차 - 기타,안전거리미확보,젖음/습기,비,단일로 - 기타,승용,여,60세,상해없음,승용,남,27세,경상,37.29058199801497,127.0903269512826
2022071400100433,2022년 7월 14일 17시,목요일,경기도 용인시 기흥구 상갈동,경상사고,0,0,2,0,차대차 - 기타,안전거리미확보,건조,맑음,단일로 - 기타,화물,남,51세,상해없음,승용,남,61세,경상,37.28212699443265,127.1035825058517
2022071600100086,2022년 7월 16일 08시,토요일,경기도 용인시 처인구 유방동,경상사고,0,0,1,0,차대차 - 추돌,안전거리미확보,건조,맑음,단일로 - 기타,승합,남,28세,상해없음,승합,남,64세,상해없음,37.26114486915448,127.1993040462443
2022071600100305,2022년 7월 16일 15시,토요일,경기도 용인시 처인구 포곡읍,경상사고,0,0,2,0,차대차 - 추돌,안전운전불이행,건조,맑음,단일로 - 기타,승용,여,52세,상해없음,승용,여,51세,경상,37.26672541732592,127.1891763651684
2022071700100233,2022년 7월 17일 15시,일요일,경기도 용인시 수지구 죽전동,경상사고,0,0,20,0,차대차 - 기타,안전운전불이행,건조,맑음,단일로 - 기타,승합,남,54세,상해없음,승합,남,41세,상해없음,37.3244104243924,127.10333792256148
2022072500100085,2022년 7월 25일 08시,월요일,경기도 용인시 처인구 유방동,경상사고,0,0,2,0,차대차 - 추돌,안전운전불이행,건조,맑음,단일로 - 기타,승용,여,33세,상해없음,승용,남,41세,경상,37.26496808497068,127.19278133003696
2022072600100482,2022년 7월 26일 18시,화요일,경기도 용인시 처인구 포곡읍,중상사고,0,1,1,0,차대차 - 기타,차로위반,건조,맑음,단일로 - 기타,기타불명,기타불명,미분류,기타불명,승용,여,53세,상해없음,37.26750941841553,127.18909419274642
2022072800100571,2022년 7월 28일 21시,목요일,경기도 용인시 기흥구 상갈동,경상사고,0,0,1,0,차대차 - 기타,안전거리미확보,건조,맑음,단일로 - 기타,승용,여,47세,상해없음,승용,여,31세,경상,37.26734070369452,127.10256601571876
2022072900100551,2022년 7월 29일 20시,금요일,경기도 용인시 처인구 남사읍,중상사고,0,1,0,0,차대차 - 기타,차로위반,건조,맑음,단일로 - 기타,화물,남,51세,상해없음,승용,여,41세,중상,37.13097442507134,127.0915266867382
2022073000100208,2022년 7월 30일 12시,토요일,경기도 용인시 기흥구 신갈동,경상사고,0,0,3,0,차대차 - 측면충돌,안전운전불이행,건조,맑음,단일로 - 기타,승용,남,57세,상해없음,승용,남,47세,경상,37.28829033916315,127.10292968394062
2022073000100514,2022년 7월 30일 21시,토요일,경기도 용인시 기흥구 신갈동,부상신고사고,0,0,0,2,차대차 - 측면충돌,안전거리미확보,건조,맑음,단일로 - 기타,화물,남,52세,상해없음,승용,남,47세,부상신고,37.27810661904272,127.10353590990708
2022073100100240,2022년 7월 31일 15시,일요일,경기도 용인시 기흥구 고매동,중상사고,0,1,0,0,차대차 - 추돌,안전운전불이행,젖음/습기,비,단일로 - 기타,승용,남,45세,상해없음,승용,여,56세,중상,37.23130037576616,127.1072532456601
2022073100100409,2022년 7월 31일 21시,일요일,경기도 용인시 처인구 남사읍,중상사고,0,3,19,2,차대차 - 측면충돌,안전운전불이행,젖음/습기,비,단일로 - 기타,화물,남,62세,상해없음,화물,남,54세,중상,37.09903063120956,127.11937063989828
2022080200100371,2022년 8월 2일 17시,화요일,경기도 용인시 기흥구 신갈동,경상사고,0,0,1,0,차대차 - 기타,안전거리미확보,건조,맑음,단일로 - 기타,승용,여,54세,상해없음,승용,남,41세,경상,37.27070202238773,127.09962708362724
2022080500100459,2022년 8월 5일 18시,금요일,경기도 용인시 수지구 상현동,경상사고,0,0,3,0,차대차 - 기타,신호위반,건조,맑음,단일로 - 기타,승용,남,43세,경상,승용,남,27세,경상,37.300153292771775,127.05978729244178
2022080600100153,2022년 8월 6일 11시,토요일,경기도 용인시 기흥구 보정동,경상사고,0,0,2,0,차대차 - 기타,안전거리미확보,젖음/습기,비,단일로 - 기타,승용,여,70세,상해없음,승용,남,49세,경상,37.29343863900692,127.10333135866308
2022080800100075,2022년 8월 8일 08시,월요일,경기도 용인시 처인구 남사읍,중상사고,0,1,0,0,차대차 - 기타,안전거리미확보,건조,맑음,단일로 - 기타,승용,여,41세,기타불명,승용,여,63세,중상,37.103054963977534,127.11780869159402
2022080900100040,2022년 8월 9일 06시,화요일,경기도 용인시 기흥구 상갈동,경상사고,0,0,1,0,차대차 - 측면충돌,차로위반,젖음/습기,비,기타 - 기타,승용,남,33세,상해없음,승용,남,62세,경상,37.26811441340237,127.1021220827768
2022081000100155,2022년 8월 10일 11시,수요일,경기도 용인시 기흥구 공세동,경상사고,0,0,3,0,차대차 - 기타,안전거리미확보,건조,맑음,단일로 - 기타,화물,남,71세,경상,승용,여,36세,경상,37.23532706447983,127.10647701690436
2022081100100431,2022년 8월 11일 20시,목요일,경기도 용인시 처인구 남사읍,경상사고,0,0,1,0,차대차 - 측면충돌,안전운전불이행,젖음/습기,비,단일로 - 기타,승용,여,56세,상해없음,승용,남,40세,경상,37.094413967320726,127.12175682897802
2022081400100238,2022년 8월 14일 17시,일요일,경기도 용인시 처인구 고림동,경상사고,0,0,1,0,차대차 - 기타,안전운전불이행,건조,맑음,단일로 - 기타,승용,남,44세,상해없음,승합,남,65세,경상,37.24663340380632,127.24178000976896
2022081600100317,2022년 8월 16일 15시,화요일,경기도 용인시 수지구 죽전동,경상사고,0,0,1,0,차대차 - 측면충돌,안전거리미확보,건조,맑음,단일로 - 기타,화물,남,48세,상해없음,승용,남,66세,경상,37.32917985217865,127.10366277033836
2022081800100321,2022년 8월 18일 15시,목요일,경기도 용인시 처인구 고림동,경상사고,0,0,1,0,차대차 - 측면충돌,안전거리미확보,건조,맑음,단일로 - 기타,건설기계,남,53세,상해없음,승용,여,46세,경상,37.25256165804223,127.22061662305192
2022081900100507,2022년 8월 19일 19시,금요일,경기도 용인시 기흥구 동백동,경상사고,0,0,1,0,차대차 - 기타,안전거리미확보,젖음/습기,비,단일로 - 기타,화물,남,61세,상해없음,승용,남,60세,경상,37.28505021502957,127.16579409231548
2022082600100327,2022년 8월 26일 15시,금요일,경기도 용인시 기흥구 보정동,경상사고,0,0,1,0,차대차 - 추돌,안전운전불이행,건조,맑음,단일로 - 기타,승용,남,50세,상해없음,승용,여,43세,경상,37.29494548712994,127.10378603469296
2022082600100523,2022년 8월 26일 19시,금요일,경기도 용인시 기흥구 고매동,중상사고,0,2,0,0,차대차 - 추돌,안전거리미확보,건조,맑음,단일로 - 기타,승용,여,48세,상해없음,승용,여,25세,중상,37.23505679857252,127.10652351651387
2022082800100378,2022년 8월 28일 18시,일요일,경기도 용인시 기흥구 보정동,경상사고,0,0,1,0,차대차 - 기타,안전거리미확보,건조,맑음,단일로 - 기타,승합,남,61세,상해없음,승용,여,48세,경상,37.31226082667224,127.10367261063448
2022082900100172,2022년 8월 29일 10시,월요일,경기도 용인시 기흥구 언남동,경상사고,0,0,2,0,차대차 - 측면충돌,안전운전불이행,건조,맑음,기타 - 기타,특수,남,43세,상해없음,승용,남,59세,상해없음,37.28993297012076,127.1285647879711
2022083000100025,2022년 8월 30일 02시,화요일,경기도 용인시 처인구 남사읍,중상사고,0,2,4,0,차대차 - 기타,안전운전불이행,젖음/습기,비,단일로 - 기타,화물,남,58세,중상,화물,남,59세,상해없음,37.101767147955854,127.11818654083125
2022083000100328,2022년 8월 30일 15시,화요일,경기도 용인시 기흥구 고매동,경상사고,0,0,2,0,차대차 - 기타,안전거리미확보,건조,맑음,단일로 - 기타,승용,남,40세,상해없음,승합,남,59세,경상,37.221072154500526,127.0999797307917
2022083100100098,2022년 8월 31일 08시,수요일,경기도 용인시 기흥구 상갈동,경상사고,0,0,1,0,차대차 - 측면충돌,안전거리미확보,건조,맑음,단일로 - 기타,승용,남,24세,상해없음,승용,남,29세,경상,37.26630933050106,127.10412784980242
2022083100100511,2022년 8월 31일 21시,수요일,경기도 용인시 기흥구 보정동,경상사고,0,0,1,0,차대차 - 기타,안전거리미확보,건조,맑음,단일로 - 기타,승합,남,65세,상해없음,승용,여,43세,경상,37.307826179547874,127.10372974166474
2022090100100569,2022년 9월 1일 20시,목요일,경기도 용인시 기흥구 보라동,경상사고,0,0,2,0,차대차 - 기타,안전운전불이행,건조,맑음,단일로 - 기타,승합,남,57세,상해없음,승용,남,41세,상해없음,37.258745722339015,127.10386295090976
2022090200100163,2022년 9월 2일 09시,금요일,경기도 용인시 기흥구 동백동,경상사고,0,0,1,0,차대차 - 기타,안전거리미확보,건조,맑음,단일로 - 기타,화물,남,29세,상해없음,승용,남,29세,경상,37.28946002102708,127.14782519188896
2022090400100407,2022년 9월 4일 20시,일요일,경기도 용인시 처인구 양지면,중상사고,0,1,0,0,차대차 - 추돌,안전운전불이행,젖음/습기,비,단일로 - 기타,화물,남,55세,상해없음,승용,남,40세,중상,37.24642199579581,127.27043162647507
2022090500100100,2022년 9월 5일 08시,월요일,경기도 용인시 기흥구 상갈동,경상사고,0,0,1,0,차대차 - 추돌,안전운전불이행,젖음/습기,비,기타 - 기타,승용,남,34세,상해없음,승용,남,36세,경상,37.26382061363785,127.1038702051354
2022090500100176,2022년 9월 5일 10시,월요일,경기도 용인시 기흥구 고매동,중상사고,0,2,0,0,차대차 - 추돌,안전운전불이행,젖음/습기,비,단일로 - 기타,승합,남,69세,상해없음,승용,남,21세,중상,37.23322822044983,127.1069050427984
2022090800100560,2022년 9월 8일 17시,목요일,경기도 용인시 처인구 고림동,경상사고,0,0,2,0,차대차 - 기타,안전운전불이행,건조,맑음,기타 - 기타,승합,남,60세,상해없음,승용,남,59세,경상,37.24697428454505,127.24102338682096
2022091300100047,2022년 9월 13일 07시,화요일,경기도 용인시 기흥구 보라동,중상사고,0,1,0,0,차대차 - 측면충돌,안전거리미확보,건조,맑음,단일로 - 기타,승합,남,68세,상해없음,승용,남,47세,중상,37.26007942781383,127.10375446939292
2022091400100012,2022년 9월 14일 02시,수요일,경기도 용인시 기흥구 보정동,경상사고,0,0,1,0,차대차 - 추돌,안전운전불이행,건조,맑음,단일로 - 기타,승용,남,34세,상해없음,승용,여,21세,경상,37.309213388796806,127.10345162702453
2022091700100167,2022년 9월 17일 10시,토요일,경기도 용인시 기흥구 공세동,중상사고,0,1,2,0,차대차 - 추돌,안전운전불이행,건조,맑음,기타 - 기타,승용,남,25세,상해없음,승용,남,56세,경상,37.23457925132724,127.10658236655296
2022091800100344,2022년 9월 18일 19시,일요일,경기도 용인시 기흥구 신갈동,경상사고,0,0,1,0,차대차 - 측면충돌,안전거리미확보,건조,맑음,단일로 - 기타,승용,여,54세,상해없음,승용,남,69세,경상,37.266160954801535,127.10288800931856
2022091900100460,2022년 9월 19일 19시,월요일,경기도 용인시 처인구 유방동,중상사고,0,1,2,0,차대차 - 추돌,안전운전불이행,건조,맑음,기타 - 기타,승용,남,31세,상해없음,승용,남,58세,경상,37.256369105490016,127.21082547864684
2022092000100049,2022년 9월 20일 06시,화요일,경기도 용인시 처인구 유방동,경상사고,0,0,1,1,차대차 - 추돌,안전거리미확보,건조,맑음,단일로 - 기타,승용,남,40세,상해없음,승용,남,58세,경상,37.264967792261054,127.19266854933356
2022092200100324,2022년 9월 22일 14시,목요일,경기도 용인시 처인구 양지면,중상사고,0,1,0,0,차대차 - 기타,안전거리미확보,건조,맑음,기타 - 기타,화물,남,62세,상해없음,승용,남,35세,중상,37.23526630076598,127.2971392330981
2022092300100128,2022년 9월 23일 09시,금요일,경기도 용인시 처인구 양지면,경상사고,0,0,1,0,차대차 - 기타,안전운전불이행,건조,맑음,단일로 - 기타,승용,남,29세,상해없음,화물,남,37세,경상,37.243038268141184,127.36084442587403
2022092300100270,2022년 9월 23일 13시,금요일,경기도 용인시 기흥구 고매동,경상사고,0,0,1,0,차대차 - 기타,안전운전불이행,건조,맑음,단일로 - 기타,승용,남,40세,상해없음,승용,여,45세,경상,37.22531144816393,127.10346301108646
2022092300100592,2022년 9월 23일 20시,금요일,경기도 용인시 처인구 양지면,부상신고사고,0,0,0,1,차대차 - 기타,안전운전불이행,건조,맑음,단일로 - 기타,기타불명,기타불명,미분류,기타불명,승용,여,54세,상해없음,37.245887306935,127.2469128436054
2022092400100071,2022년 9월 24일 07시,토요일,경기도 용인시 기흥구 신갈동,경상사고,0,0,1,11,차대차 - 추돌,안전운전불이행,건조,맑음,기타 - 기타,승용,남,52세,상해없음,승합,남,76세,경상,37.273419257805365,127.10350409446664